username;first_name;last_name;email;address.street;address.number;address.city;address.postal_code;address.country_code;phoneNumber
britney_grebbin;Britney;Grebbin;bgrebbin0@alibaba.com;Hagan;865;Bruxelles;1050;BE;+32 456 273 2460
vernon_cisar;Vernon;Cisar;vcisar1@yellowbook.com;Del Sol;0482;Momignies;6594;BE;+32 775 388 7073
ashlie_wigelsworth;Ashlie;Wigelsworth;awigelsworth2@diigo.com;Heath;5478;Bruxelles;1050;BE;+32 443 860 5128
krissie_tytler;Krissie;Tytler;ktytler3@msu.edu;Village Green;3;Antwerpen;2170;BE;+32 225 548 0788
quintina_pudsey;Quintina;Pudsey;qpudsey4@salon.com;Nevada;8;Ath;7823;BE;+32 412 929 2414
meriel_choupin;Meriel;Choupin;mchoupin5@bravesites.com;Lighthouse Bay;84;Namur;5100;BE;+32 659 516 2017
tabby_huitson;Tabby;Huitson;thuitson6@artisteer.com;John Wall;5;Ninove;9404;BE;+32 958 556 4164
dona_shortell;Dona;Shortell;dshortell7@techcrunch.com;Starling;198;Mons;7032;BE;+32 630 501 0005
kean_plenderleith;Kean;Plenderleith;kplenderleith8@twitpic.com;Fairview;5;Bruxelles;1170;BE;+32 654 354 4665
marcella_steffens;Marcella;Steffens;msteffens9@china.com.cn;Heffernan;76475;Ath;7823;BE;+32 570 482 1362
jaquelyn_daber;Jaquelyn;Daber;jdabera@purevolume.com;Coolidge;86530;Bruxelles;1050;BE;+32 328 632 2207
erroll_barthrop;Erroll;Barthrop;ebarthropb@goo.gl;Anderson;9;Bruxelles;1170;BE;+32 983 458 6481
mame_tutchener;Mame;Tutchener;mtutchenerc@mozilla.org;Hauk;5075;Antwerpen;2170;BE;+32 110 274 7806
matias_lebel;Matias;Lebel;mlebeld@google.com.au;Tomscot;6;Charleroi;6042;BE;+32 928 859 7320
mayne_casseldine;Mayne;Casseldine;mcasseldinee@yandex.ru;Haas;3305;Gent;9052;BE;+32 612 922 8084
chip_tudball;Chip;Tudball;ctudballf@ed.gov;Meadow Ridge;831;Tournai;7504;BE;+32 481 538 6947
eleonore_hewertson;Eleonore;Hewertson;ehewertsong@europa.eu;Brentwood;9;Momignies;6594;BE;+32 848 481 2895
moritz_gotling;Moritz;Gotling;mgotlingh@weather.com;Colorado;10829;Charleroi;6042;BE;+32 894 311 9872
rodrique_beddoe;Rodrique;Beddoe;rbeddoei@reference.com;Buena Vista;90033;Bruxelles;1050;BE;+32 528 935 7427
deloris_sergean;Deloris;Sergean;dsergeanj@yolasite.com;Namekagon;139;Tournai;7536;BE;+32 622 547 9919
breena_stout;Breena;Stout;bstoutk@ustream.tv;Rieder;34;Ath;7823;BE;+32 628 128 3176
lincoln_de_courcy;Lincoln;de Courcy;ldecourcyl@drupal.org;Delladonna;32;Namur;5100;BE;+32 727 290 6443
thebault_plewright;Thebault;Plewright;tplewrightm@telegraph.co.uk;Melby;982;Namur;5100;BE;+32 324 484 7289
tremain_marten;Tremain;Marten;tmartenn@cnet.com;Thackeray;925;Bouillon;6834;BE;+32 299 207 8247
pippy_syseland;Pippy;Syseland;psyselando@networkadvertising.org;Dexter;6;Bouillon;6834;BE;+32 484 284 6066
jordon_fidian;Jordon;Fidian;jfidianp@chron.com;Toban;0848;Ninove;9404;BE;+32 459 179 7014
sharon_trimme;Sharon;Trimme;strimmeq@bbc.co.uk;North;523;Bruxelles;1050;BE;+32 292 602 1265
martyn_lyster;Martyn;Lyster;mlysterr@ftc.gov;Summerview;1;Gent;9052;BE;+32 446 706 6196
bernadette_farlambe;Bernadette;Farlambe;bfarlambes@storify.com;2nd;004;Bouillon;6834;BE;+32 554 921 7553
gordie_amthor;Gordie;Amthor;gamthort@mysql.com;Pierstorff;90;Bouillon;6834;BE;+32 748 283 3825
morse_librey;Morse;Librey;mlibreyu@spotify.com;Springs;52;Charleroi;6042;BE;+32 946 235 9988
hobard_sciacovelli;Hobard;Sciacovelli;hsciacovelliv@indiegogo.com;Graceland;0;Péruwelz;7604;BE;+32 819 730 5095
padriac_corstan;Padriac;Corstan;pcorstanw@google.co.jp;4th;99;Momignies;6594;BE;+32 753 114 1694
marietta_heak;Marietta;Heak;mheakx@princeton.edu;Barnett;2;Péruwelz;7604;BE;+32 430 345 7998
ruthe_loughead;Ruthe;Loughead;rlougheady@sakura.ne.jp;Talisman;6;Ninove;9404;BE;+32 965 122 0090
buffy_chalfain;Buffy;Chalfain;bchalfainz@xing.com;Loeprich;2;Bruxelles;1050;BE;+32 202 210 4592
nellie_pennacci;Nellie;Pennacci;npennacci10@google.co.jp;Browning;738;Antwerpen;2170;BE;+32 181 956 1573
tynan_witten;Tynan;Witten;twitten11@vistaprint.com;Rusk;31;Bouillon;6834;BE;+32 348 554 2561
jeniffer_sharkey;Jeniffer;Sharkey;jsharkey12@goo.ne.jp;Rusk;5;Momignies;6594;BE;+32 274 618 2200
gustavo_piola;Gustavo;Piola;gpiola13@cbsnews.com;Mendota;7814;Antwerpen;2170;BE;+32 873 177 7204
adi_simco;Adi;Simco;asimco14@odnoklassniki.ru;Mallory;60;Gent;9052;BE;+32 270 176 1778
quintana_standring;Quintana;Standring;qstandring15@reddit.com;Darwin;07;Namur;5100;BE;+32 133 715 3366
teirtza_bunning;Teirtza;Bunning;tbunning16@irs.gov;Merchant;68;Bruxelles;1170;BE;+32 965 459 2443
isabella_campaigne;Isabella;Campaigne;icampaigne17@constantcontact.com;Becker;9;Tournai;7536;BE;+32 945 246 5742
garv_charlson;Garv;Charlson;gcharlson18@cbsnews.com;Michigan;7;Mons;7032;BE;+32 142 265 1014
hewitt_hayto;Hewitt;Hayto;hhayto19@instagram.com;Merry;80;Mons;7032;BE;+32 542 930 4332
haley_crannell;Haley;Crannell;hcrannell1a@wikispaces.com;Esch;76;Momignies;6594;BE;+32 349 753 8136
henrik_tessington;Henrik;Tessington;htessington1b@feedburner.com;Oak;45;Ath;7823;BE;+32 104 279 4566
vincenty_girogetti;Vincenty;Girogetti;vgirogetti1c@shinystat.com;Knutson;38;Gent;9052;BE;+32 278 180 9461
ginny_o_boyle;Ginny;O'Boyle;goboyle1d@japanpost.jp;Dapin;78393;Momignies;6594;BE;+32 761 145 2213
mehetabel_cleyburn;Mehetabel;Cleyburn;mcleyburn1e@mtv.com;Hoffman;6058;Mons;7032;BE;+32 399 280 1584
anthia_kinrade;Anthia;Kinrade;akinrade1f@bloglovin.com;Maryland;136;Tournai;7536;BE;+32 337 603 9060
rosanna_camerana;Rosanna;Camerana;rcamerana1g@t-online.de;Doe Crossing;77;Bruxelles;1170;BE;+32 865 961 4010
claude_bain;Claude;Bain;cbain1h@ibm.com;Dottie;9872;Momignies;6594;BE;+32 434 475 4674
chicky_schleicher;Chicky;Schleicher;cschleicher1i@joomla.org;Atwood;98;Tournai;7504;BE;+32 221 791 9638
tammy_treat;Tammy;Treat;ttreat1j@eventbrite.com;Merchant;84910;Tournai;7536;BE;+32 370 869 8023
oliver_jeannot;Oliver;Jeannot;ojeannot1k@digg.com;Mockingbird;043;Namur;5100;BE;+32 151 315 9191
sky_jeal;Sky;Jeal;sjeal1l@infoseek.co.jp;Eliot;04;Péruwelz;7604;BE;+32 802 735 9487
willabella_pirt;Willabella;Pirt;wpirt1m@usgs.gov;Hayes;63;Antwerpen;2170;BE;+32 978 437 2943
karilynn_domelow;Karilynn;Domelow;kdomelow1n@mapy.cz;Erie;36561;Ath;7823;BE;+32 461 227 4787
alastair_gaskall;Alastair;Gaskall;agaskall1o@squarespace.com;Eastlawn;6;Bouillon;6834;BE;+32 877 642 5129
jon_holt;Jon;Holt;jholt1p@google.pl;Loomis;323;Ninove;9404;BE;+32 149 317 4965
danya_joskowicz;Danya;Joskowicz;djoskowicz1q@cyberchimps.com;Stephen;591;Péruwelz;7604;BE;+32 322 808 1030
averil_edmeads;Averil;Edmeads;aedmeads1r@psu.edu;Little Fleur;0005;Bouillon;6834;BE;+32 954 180 6963
shelley_waterstone;Shelley;Waterstone;swaterstone1s@chicagotribune.com;Sachs;8;Bouillon;6834;BE;+32 932 799 8600
amandie_pilmer;Amandie;Pilmer;apilmer1t@gov.uk;Mesta;8;Ninove;9404;BE;+32 569 112 4678
carolan_ginty;Carolan;Ginty;cginty1u@house.gov;Jenifer;910;Namur;5100;BE;+32 453 277 1330
mendel_congreve;Mendel;Congreve;mcongreve1v@mit.edu;Raven;7003;Namur;5100;BE;+32 679 307 3622
barron_lapsley;Barron;Lapsley;blapsley1w@devhub.com;Beilfuss;738;Mons;7032;BE;+32 555 183 0312
hurley_hilbourne;Hurley;Hilbourne;hhilbourne1x@github.com;Morning;2105;Bruxelles;1050;BE;+32 609 252 2022
tymothy_amott;Tymothy;Amott;tamott1y@prweb.com;Paget;36;Namur;5100;BE;+32 938 389 7545
belita_taillant;Belita;Taillant;btaillant1z@telegraph.co.uk;Duke;3633;Péruwelz;7604;BE;+32 711 102 9834
sidonia_beddall;Sidonia;Beddall;sbeddall20@auda.org.au;Tennessee;46793;Charleroi;6042;BE;+32 904 526 9330
darlene_kellet;Darlene;Kellet;dkellet21@unc.edu;Green Ridge;87168;Ath;7823;BE;+32 635 626 3934
rachael_lefeuvre;Rachael;Lefeuvre;rlefeuvre22@narod.ru;Fremont;3557;Péruwelz;7604;BE;+32 517 709 7143
bord_tomashov;Bord;Tomashov;btomashov23@pcworld.com;Artisan;0;Tournai;7504;BE;+32 852 942 0078
karel_l_angloiskarel_l_anglois;Karel;L' Anglois;klanglois24@about.com;5th;1;Bruxelles;1170;BE;+32 518 286 5844
tedmund_luipold;Tedmund;Luipold;tluipold25@ehow.com;Carberry;82;Charleroi;6042;BE;+32 397 192 4856
matthus_dran;Matthus;Dran;mdran26@fastcompany.com;Mccormick;164;Mons;7032;BE;+32 915 655 8115
wilburt_stembridge;Wilburt;Stembridge;wstembridge27@hubpages.com;Lunder;05744;Namur;5100;BE;+32 347 423 7134
cart_westell;Cart;Westell;cwestell28@illinois.edu;Continental;73911;Bruxelles;1170;BE;+32 194 716 6073
celesta_jellings;Celesta;Jellings;cjellings29@tmall.com;Village Green;9064;Momignies;6594;BE;+32 946 334 3663
bradley_bushby;Bradley;Bushby;bbushby2a@sfgate.com;Rockefeller;7775;Tournai;7504;BE;+32 330 574 9978
rodd_dunderdale;Rodd;Dunderdale;rdunderdale2b@google.ca;Carpenter;7;Ath;7823;BE;+32 656 448 6350
silva_ayrs;Silva;Ayrs;sayrs2c@si.edu;Graceland;191;Tournai;7504;BE;+32 347 600 2464
correy_lilleman;Correy;Lilleman;clilleman2d@last.fm;Barby;75709;Bruxelles;1170;BE;+32 296 174 7116
horatia_lyste;Horatia;Lyste;hlyste2e@sogou.com;Bayside;3109;Mons;7032;BE;+32 860 443 4912
shep_patise;Shep;Patise;spatise2f@163.com;Cherokee;3534;Tournai;7504;BE;+32 713 119 4546
della_jolland;Della;Jolland;djolland2g@discuz.net;Pierstorff;6653;Péruwelz;7604;BE;+32 203 386 0946
oswald_reede;Oswald;Reede;oreede2h@deviantart.com;Lakewood;0656;Antwerpen;2170;BE;+32 404 836 8023
willem_sterke;Willem;Sterke;wsterke2i@amazonaws.com;Trailsway;006;Bruxelles;1050;BE;+32 176 227 2611
dalt_christie;Dalt;Christie;dchristie2j@ted.com;Waywood;1;Bouillon;6834;BE;+32 919 893 7763
chrissy_tourville;Chrissy;Tourville;ctourville2k@hao123.com;Mcguire;35607;Tournai;7536;BE;+32 732 424 1518
beverley_mckean;Beverley;McKean;bmckean2l@ocn.ne.jp;Bunker Hill;30;Bouillon;6834;BE;+32 399 792 4044
romona_spinello;Romona;Spinello;rspinello2m@livejournal.com;Bashford;1548;Bouillon;6834;BE;+32 574 861 8365
ellsworth_allinson;Ellsworth;Allinson;eallinson2n@springer.com;1st;86661;Charleroi;6042;BE;+32 861 852 6693
lauri_derle;Lauri;Derle;lderle2o@drupal.org;Trailsway;24735;Mons;7032;BE;+32 372 884 4380
irita_norcliffe;Irita;Norcliffe;inorcliffe2p@vinaora.com;Melody;16034;Mons;7032;BE;+32 884 264 4638
dudley_branscombe;Dudley;Branscombe;dbranscombe2q@hhs.gov;Melvin;846;Bouillon;6834;BE;+32 121 249 5365
constanta_lillyman;Constanta;Lillyman;clillyman2r@japanpost.jp;Oxford;1;Tournai;7536;BE;+32 786 786 6678
marga_van_der_weedenburg;Marga;Van Der Weedenburg;mvanderweedenburg2s@utexas.edu;Birchwood;30;Gent;9052;BE;+32 168 622 8618
dickie_martynka;Dickie;Martynka;dmartynka2t@theatlantic.com;Golden Leaf;430;Péruwelz;7604;BE;+32 806 391 6295
colan_ronca;Colan;Ronca;cronca2u@google.co.uk;Cherokee;41160;Bruxelles;1050;BE;+32 691 554 4046
lewes_cherrington;Lewes;Cherrington;lcherrington2v@gov.uk;Northland;3813;Bruxelles;1050;BE;+32 172 534 5859
felizio_bison;Felizio;Bison;fbison2w@unblog.fr;Southridge;2277;Bouillon;6834;BE;+32 148 197 2747
estel_humburton;Estel;Humburton;ehumburton2x@unblog.fr;Sachtjen;21;Antwerpen;2170;BE;+32 312 725 8823
alica_yanne;Alica;Yanne;ayanne2y@bluehost.com;Reinke;812;Namur;5100;BE;+32 898 821 5227
violette_warfield;Violette;Warfield;vwarfield2z@nps.gov;Badeau;5262;Gent;9052;BE;+32 614 524 8823
merrick_sultan;Merrick;Sultan;msultan30@narod.ru;Golden Leaf;79592;Bruxelles;1050;BE;+32 802 172 8898
dee_dee_crissil;Dee dee;Crissil;dcrissil31@wunderground.com;Riverside;73082;Tournai;7536;BE;+32 384 117 5225
alphonso_folliss;Alphonso;Folliss;afolliss32@bloglovin.com;Westend;40288;Ninove;9404;BE;+32 693 752 5948
stephana_gronou;Stephana;Gronou;sgronou33@netscape.com;Havey;56;Momignies;6594;BE;+32 931 172 0653
lissi_insall;Lissi;Insall;linsall34@phoca.cz;Gina;0;Bruxelles;1050;BE;+32 633 241 3885
boothe_blasi;Boothe;Blasi;bblasi35@stumbleupon.com;Main;33;Bouillon;6834;BE;+32 102 834 3652
rory_whissell;Rory;Whissell;rwhissell36@thetimes.co.uk;Pankratz;736;Mons;7032;BE;+32 900 632 2113
dennison_ancliff;Dennison;Ancliff;dancliff37@va.gov;Kennedy;4410;Bouillon;6834;BE;+32 581 569 4131
sydney_lunam;Sydney;Lunam;slunam38@newsvine.com;Kim;74;Péruwelz;7604;BE;+32 776 492 0025
boothe_piddletown;Boothe;Piddletown;bpiddletown39@chronoengine.com;Pawling;91;Bouillon;6834;BE;+32 441 454 0832
riordan_fruish;Riordan;Fruish;rfruish3a@cocolog-nifty.com;Riverside;948;Ath;7823;BE;+32 849 485 9775
marlie_hanner;Marlie;Hanner;mhanner3b@ted.com;Ruskin;3356;Antwerpen;2170;BE;+32 644 628 8661
justinn_epperson;Justinn;Epperson;jepperson3c@sphinn.com;Continental;3;Péruwelz;7604;BE;+32 271 533 0493
danya_limmer;Danya;Limmer;dlimmer3d@liveinternet.ru;Helena;7;Antwerpen;2170;BE;+32 729 341 0246
mano_erie;Mano;Erie;merie3e@hp.com;Tomscot;5;Charleroi;6042;BE;+32 173 925 8571
gael_casacchia;Gael;Casacchia;gcasacchia3f@desdev.cn;Becker;9;Ninove;9404;BE;+32 496 731 9358
madelina_maulden;Madelina;Maulden;mmaulden3g@theguardian.com;Holy Cross;51966;Péruwelz;7604;BE;+32 101 976 6643
randi_stinchcombe;Randi;Stinchcombe;rstinchcombe3h@statcounter.com;Waxwing;570;Bouillon;6834;BE;+32 679 239 5957
renee_slowan;Renee;Slowan;rslowan3i@ovh.net;Corry;782;Tournai;7504;BE;+32 441 740 6168
stanislaw_suarez;Stanislaw;Suarez;ssuarez3j@delicious.com;Sycamore;12;Mons;7032;BE;+32 417 595 5212
vassily_ubach;Vassily;Ubach;vubach3k@zdnet.com;Morning;6;Bruxelles;1170;BE;+32 122 541 9479
agathe_jouannin;Agathe;Jouannin;ajouannin3l@rediff.com;Badeau;13;Ninove;9404;BE;+32 929 418 1838
emmett_petrie;Emmett;Petrie;epetrie3m@msu.edu;Parkside;30915;Gent;9052;BE;+32 668 284 5058
cariotta_mccrackem;Cariotta;McCrackem;cmccrackem3n@miibeian.gov.cn;Schlimgen;761;Tournai;7504;BE;+32 423 835 1897
philip_scothern;Philip;Scothern;pscothern3o@angelfire.com;Redwing;5420;Ath;7823;BE;+32 411 315 9426
mitchael_bamlett;Mitchael;Bamlett;mbamlett3p@is.gd;Marcy;09512;Bouillon;6834;BE;+32 624 895 3308
brad_hillan;Brad;Hillan;bhillan3q@yellowbook.com;Pennsylvania;28065;Charleroi;6042;BE;+32 610 198 2780
ezmeralda_mowlam;Ezmeralda;Mowlam;emowlam3r@springer.com;Stephen;36;Ath;7823;BE;+32 257 964 9825
clyve_courtliff;Clyve;Courtliff;ccourtliff3s@washington.edu;Dorton;7;Namur;5100;BE;+32 592 792 7646
ruttger_abriani;Ruttger;Abriani;rabriani3t@buzzfeed.com;Saint Paul;00528;Ninove;9404;BE;+32 445 267 7293
cori_gwynne;Cori;Gwynne;cgwynne3u@storify.com;Kim;304;Namur;5100;BE;+32 617 944 9841
myra_worpole;Myra;Worpole;mworpole3v@adobe.com;Surrey;98963;Ninove;9404;BE;+32 852 338 1217
maryjane_reichhardt;Maryjane;Reichhardt;mreichhardt3w@yale.edu;Homewood;3;Momignies;6594;BE;+32 247 817 4807
alisa_risson;Alisa;Risson;arisson3x@topsy.com;Marquette;8077;Ninove;9404;BE;+32 514 580 8970
christy_kingett;Christy;Kingett;ckingett3y@sphinn.com;Village Green;1853;Ninove;9404;BE;+32 336 726 3795
bailey_pietrowski;Bailey;Pietrowski;bpietrowski3z@usnews.com;Dapin;98206;Momignies;6594;BE;+32 727 841 5407
dorelle_lorenzetto;Dorelle;Lorenzetto;dlorenzetto40@seattletimes.com;Amoth;203;Charleroi;6042;BE;+32 884 130 1206
fredelia_tarver;Fredelia;Tarver;ftarver41@wikimedia.org;Anniversary;15091;Antwerpen;2170;BE;+32 892 171 2147
janeta_yuranovev;Janeta;Yuranovev;jyuranovev42@alexa.com;Sunbrook;7;Bruxelles;1050;BE;+32 240 306 1184
karlens_burchnall;Karlens;Burchnall;kburchnall43@photobucket.com;Pierstorff;8;Tournai;7536;BE;+32 946 161 4903
fifi_rapier;Fifi;Rapier;frapier44@uol.com.br;Rigney;0;Bruxelles;1170;BE;+32 732 252 8811
catherina_fewless;Catherina;Fewless;cfewless45@businessweek.com;Dennis;943;Bruxelles;1050;BE;+32 199 169 3825
octavia_scotcher;Octavia;Scotcher;oscotcher46@mediafire.com;Oriole;9;Namur;5100;BE;+32 432 494 9286
gwenni_gorick;Gwenni;Gorick;ggorick47@bbc.co.uk;Bultman;681;Antwerpen;2170;BE;+32 413 540 1065
ki_o_lenane;Ki;O'Lenane;kolenane48@typepad.com;Bartelt;38;Gent;9052;BE;+32 782 324 6545
adriaens_ewell;Adriaens;Ewell;aewell49@engadget.com;Warbler;9;Charleroi;6042;BE;+32 473 387 6419
abigail_kienlein;Abigail;Kienlein;akienlein4a@wordpress.com;Bobwhite;8;Tournai;7504;BE;+32 912 513 1055
bryn_bootman;Bryn;Bootman;bbootman4b@godaddy.com;Larry;49;Tournai;7536;BE;+32 788 887 6966
kelley_viall;Kelley;Viall;kviall4c@springer.com;Forest Run;328;Bouillon;6834;BE;+32 236 784 7015
addie_chifney;Addie;Chifney;achifney4d@nifty.com;Mayer;24554;Tournai;7504;BE;+32 946 825 3615
elisabeth_bovingdon;Elisabeth;Bovingdon;ebovingdon4e@stanford.edu;Crescent Oaks;23743;Tournai;7504;BE;+32 162 390 9806
leonhard_serjeantson;Leonhard;Serjeantson;lserjeantson4f@engadget.com;Manufacturers;444;Péruwelz;7604;BE;+32 567 127 8400
alanna_allard;Alanna;Allard;aallard4g@uiuc.edu;Barby;56;Gent;9052;BE;+32 799 118 2511
noella_coxall;Noella;Coxall;ncoxall4h@bloomberg.com;Lukken;86;Gent;9052;BE;+32 458 519 7686
alejandrina_dixon;Alejandrina;Dixon;adixon4i@java.com;Stuart;45773;Momignies;6594;BE;+32 697 654 2677
nert_asel;Nert;Asel;nasel4j@house.gov;2nd;4851;Namur;5100;BE;+32 181 431 1569
cassi_zeale;Cassi;Zeale;czeale4k@cam.ac.uk;Sage;3330;Bouillon;6834;BE;+32 419 849 8981
wolfie_oleszcuk;Wolfie;Oleszcuk;woleszcuk4l@themeforest.net;Meadow Valley;68420;Namur;5100;BE;+32 596 365 4478
pincus_renison;Pincus;Renison;prenison4m@opensource.org;Badeau;9;Tournai;7504;BE;+32 635 504 7126
giordano_mcffaden;Giordano;McFfaden;gmcffaden4n@blogger.com;Kim;525;Antwerpen;2170;BE;+32 924 655 7158
druci_cleen;Druci;Cleen;dcleen4o@yahoo.com;Mesta;3381;Charleroi;6042;BE;+32 490 434 5667
verene_josefsson;Verene;Josefsson;vjosefsson4p@google.co.uk;Schmedeman;90820;Gent;9052;BE;+32 866 374 3312
roland_donner;Roland;Donner;rdonner4q@amazon.com;Oriole;39;Momignies;6594;BE;+32 129 109 0171
meredithe_seson;Meredithe;Seson;mseson4r@mail.ru;Annamark;46;Antwerpen;2170;BE;+32 900 384 0598
sylvan_habin;Sylvan;Habin;shabin4s@prnewswire.com;Petterle;952;Momignies;6594;BE;+32 527 487 7141
wenonah_bonifas;Wenonah;Bonifas;wbonifas4t@deviantart.com;Farwell;8260;Momignies;6594;BE;+32 570 334 8595
frederich_weed;Frederich;Weed;fweed4u@digg.com;Loeprich;85;Mons;7032;BE;+32 268 748 0374
riva_eastam;Riva;Eastam;reastam4v@furl.net;Burning Wood;0;Bruxelles;1050;BE;+32 137 256 3570
orella_newstead;Orella;Newstead;onewstead4w@hao123.com;South;56122;Ath;7823;BE;+32 303 142 2383
palmer_mcorkill;Palmer;McOrkill;pmcorkill4x@ocn.ne.jp;Park Meadow;65921;Bruxelles;1050;BE;+32 941 809 0473
lawrence_reisen;Lawrence;Reisen;lreisen4y@boston.com;Vahlen;61;Ath;7823;BE;+32 447 233 8896
roseanna_paolone;Roseanna;Paolone;rpaolone4z@cisco.com;Goodland;014;Mons;7032;BE;+32 665 666 5301
arluene_lemarie;Arluene;Lemarie;alemarie50@mlb.com;Washington;98575;Mons;7032;BE;+32 110 494 8415
alair_rainer;Alair;Rainer;arainer51@economist.com;Jay;9215;Péruwelz;7604;BE;+32 501 520 7031
ilyse_hartford;Ilyse;Hartford;ihartford52@hostgator.com;Utah;58647;Namur;5100;BE;+32 554 733 8929
trude_aspinal;Trude;Aspinal;taspinal53@yelp.com;Nancy;8;Tournai;7504;BE;+32 222 905 4295
zoe_sizland;Zoe;Sizland;zsizland54@blog.com;Sunbrook;5;Ninove;9404;BE;+32 957 591 2474
harlen_bannon;Harlen;Bannon;hbannon55@devhub.com;Norway Maple;77246;Bruxelles;1050;BE;+32 978 177 0714
paule_broughton;Paule;Broughton;pbroughton56@tmall.com;Warbler;8;Tournai;7536;BE;+32 824 735 1941
sissy_shankle;Sissy;Shankle;sshankle57@pagesperso-orange.fr;Mcguire;0224;Mons;7032;BE;+32 394 702 3941
goldy_duck;Goldy;Duck;gduck58@so-net.ne.jp;Hanover;16;Bruxelles;1170;BE;+32 799 386 3437
wally_mccaughren;Wally;McCaughren;wmccaughren59@domainmarket.com;Warrior;0246;Ath;7823;BE;+32 737 289 5010
findley_ridgeway;Findley;Ridgeway;fridgeway5a@craigslist.org;Loftsgordon;71;Gent;9052;BE;+32 930 542 9689
angelico_dugald;Angelico;Dugald;adugald5b@nyu.edu;Loeprich;99;Charleroi;6042;BE;+32 371 612 2627
zarla_billison;Zarla;Billison;zbillison5c@de.vu;Shasta;1;Tournai;7504;BE;+32 560 251 6764
ruben_pedlingham;Ruben;Pedlingham;rpedlingham5d@dropbox.com;Golf Course;7925;Ath;7823;BE;+32 309 210 3599
abby_form;Abby;Form;aform5e@berkeley.edu;Eagle Crest;11;Péruwelz;7604;BE;+32 154 947 2421
julina_tredinnick;Julina;Tredinnick;jtredinnick5f@linkedin.com;Carpenter;426;Bouillon;6834;BE;+32 603 169 3212
barnaby_mcgilben;Barnaby;McGilben;bmcgilben5g@hubpages.com;Hauk;430;Tournai;7536;BE;+32 717 609 3184
keely_milroy;Keely;Milroy;kmilroy5h@aol.com;Kingsford;204;Ninove;9404;BE;+32 627 858 8618
kerstin_romanelli;Kerstin;Romanelli;kromanelli5i@toplist.cz;Randy;188;Namur;5100;BE;+32 296 231 3059
leese_blastock;Leese;Blastock;lblastock5j@columbia.edu;Tennessee;376;Momignies;6594;BE;+32 363 804 9243
corabelle_pearsey;Corabelle;Pearsey;cpearsey5k@taobao.com;Jackson;7976;Gent;9052;BE;+32 522 258 3724
sansone_belsham;Sansone;Belsham;sbelsham5l@cafepress.com;Mallory;528;Namur;5100;BE;+32 535 333 6013
katrina_deller;Katrina;Deller;kdeller5m@cnbc.com;Fairview;8;Tournai;7504;BE;+32 398 520 2927
marmaduke_dymott;Marmaduke;Dymott;mdymott5n@github.com;Onsgard;18;Mons;7032;BE;+32 322 937 1246
tann_sappy;Tann;Sappy;tsappy5o@goodreads.com;Dryden;53;Tournai;7504;BE;+32 947 792 8620
sella_mcconnachie;Sella;McConnachie;smcconnachie5p@nytimes.com;Kensington;5;Gent;9052;BE;+32 556 894 4383
jasun_touzey;Jasun;Touzey;jtouzey5q@wp.com;Cambridge;052;Ninove;9404;BE;+32 647 541 4454
isidore_phettiplace;Isidore;Phettiplace;iphettiplace5r@oaic.gov.au;Vera;9323;Gent;9052;BE;+32 509 882 0201
ginger_backhouse;Ginger;Backhouse;gbackhouse5s@spotify.com;Ridgeway;3041;Charleroi;6042;BE;+32 234 180 9327
sula_halso;Sula;Halso;shalso5t@cloudflare.com;Sheridan;9621;Gent;9052;BE;+32 224 871 8124
joell_stathers;Joell;Stathers;jstathers5u@jimdo.com;Dorton;7;Bruxelles;1170;BE;+32 231 832 4428
lise_oller;Lise;Oller;loller5v@constantcontact.com;Riverside;3;Gent;9052;BE;+32 950 874 6601
jocelyne_drewery;Jocelyne;Drewery;jdrewery5w@gnu.org;Stoughton;7116;Gent;9052;BE;+32 227 241 1659
orlan_furze;Orlan;Furze;ofurze5x@yellowbook.com;Elgar;6313;Antwerpen;2170;BE;+32 682 325 3013
johnathon_benbow;Johnathon;Benbow;jbenbow5y@bravesites.com;Sunnyside;2309;Tournai;7504;BE;+32 409 156 1537
aluin_tonry;Aluin;Tonry;atonry5z@netvibes.com;Kennedy;64;Bouillon;6834;BE;+32 498 739 4471
deane_trimmell;Deane;Trimmell;dtrimmell60@mediafire.com;High Crossing;7983;Bruxelles;1170;BE;+32 222 477 6957
fritz_alelsandrovich;Fritz;Alelsandrovich;falelsandrovich61@canalblog.com;Helena;294;Gent;9052;BE;+32 342 462 2516
tremayne_lapsley;Tremayne;Lapsley;tlapsley62@webnode.com;Anderson;87;Ninove;9404;BE;+32 818 771 5222
king_halleybone;King;Halleybone;khalleybone63@cbc.ca;Myrtle;39;Péruwelz;7604;BE;+32 778 995 2927
nikki_porrett;Nikki;Porrett;nporrett64@slashdot.org;Lawn;777;Tournai;7504;BE;+32 480 279 0700
ariela_joyes;Ariela;Joyes;ajoyes65@meetup.com;Surrey;4;Ninove;9404;BE;+32 678 450 2935
wake_petrovic;Wake;Petrovic;wpetrovic66@google.co.jp;Jay;5;Tournai;7504;BE;+32 232 201 1272
fan_wolverson;Fan;Wolverson;fwolverson67@google.co.jp;Jana;45885;Namur;5100;BE;+32 952 511 4500
christin_rivalland;Christin;Rivalland;crivalland68@nba.com;East;75542;Gent;9052;BE;+32 241 152 5155
yorke_razoux;Yorke;Razoux;yrazoux69@scribd.com;Northridge;988;Péruwelz;7604;BE;+32 464 787 2865
camel_storek;Camel;Storek;cstorek6a@biblegateway.com;Bellgrove;2012;Ninove;9404;BE;+32 768 946 6708
sherlock_macbain;Sherlock;MacBain;smacbain6b@studiopress.com;Granby;4;Péruwelz;7604;BE;+32 425 915 4813
sunny_marczyk;Sunny;Marczyk;smarczyk6c@scientificamerican.com;Iowa;154;Namur;5100;BE;+32 708 659 9872
aleksandr_dillingston;Aleksandr;Dillingston;adillingston6d@plala.or.jp;Homewood;57;Tournai;7504;BE;+32 115 681 3203
filbert_womack;Filbert;Womack;fwomack6e@accuweather.com;Calypso;859;Namur;5100;BE;+32 527 241 6396
barton_stainer;Barton;Stainer;bstainer6f@fc2.com;Village;18512;Momignies;6594;BE;+32 692 755 9578
orlando_joslyn;Orlando;Joslyn;ojoslyn6g@yelp.com;Forster;09;Tournai;7536;BE;+32 608 446 9074
sampson_lingner;Sampson;Lingner;slingner6h@kickstarter.com;Crownhardt;707;Tournai;7536;BE;+32 276 394 9905
cecilla_pycock;Cecilla;Pycock;cpycock6i@bandcamp.com;Ridgeview;0886;Péruwelz;7604;BE;+32 483 935 9919
malinda_abramson;Malinda;Abramson;mabramson6j@cnet.com;Pepper Wood;87;Ninove;9404;BE;+32 295 779 8908
rani_hannon;Rani;Hannon;rhannon6k@joomla.org;Harbort;7619;Ninove;9404;BE;+32 353 475 3798
peggy_mactrustam;Peggy;MacTrustam;pmactrustam6l@marriott.com;Hermina;38071;Bouillon;6834;BE;+32 151 215 3932
randi_frankish;Randi;Frankish;rfrankish6m@bloglines.com;5th;4;Ninove;9404;BE;+32 165 845 5149
chancey_parlatt;Chancey;Parlatt;cparlatt6n@gov.uk;Charing Cross;5;Bouillon;6834;BE;+32 262 119 6193
obadias_lear;Obadias;Lear;olear6o@toplist.cz;Pleasure;175;Ath;7823;BE;+32 145 842 8366
gabi_heinreich;Gabi;Heinreich;gheinreich6p@jimdo.com;Debra;027;Charleroi;6042;BE;+32 276 858 9518
adorne_slemming;Adorne;Slemming;aslemming6q@flavors.me;Katie;3708;Ninove;9404;BE;+32 463 863 4554
mora_skune;Mora;Skune;mskune6r@acquirethisname.com;Muir;36379;Mons;7032;BE;+32 274 555 1446
hammad_hurl;Hammad;Hurl;hhurl6s@hugedomains.com;School;5020;Tournai;7536;BE;+32 945 802 6138
joell_wooffinden;Joell;Wooffinden;jwooffinden6t@nydailynews.com;Almo;87385;Gent;9052;BE;+32 676 889 9900
jobi_roobottom;Jobi;Roobottom;jroobottom6u@meetup.com;Summer Ridge;667;Mons;7032;BE;+32 550 983 0903
denys_getsham;Denys;Getsham;dgetsham6v@dailymotion.com;Tomscot;09443;Antwerpen;2170;BE;+32 952 823 3992
nathan_connachan;Nathan;Connachan;nconnachan6w@examiner.com;Redwing;353;Antwerpen;2170;BE;+32 759 503 6589
dev_harty;Dev;Harty;dharty6x@shinystat.com;Manley;9;Gent;9052;BE;+32 146 631 9968
rhiamon_fosher;Rhiamon;Fosher;rfosher6y@1688.com;Judy;6239;Mons;7032;BE;+32 875 572 1682
meaghan_perrott;Meaghan;Perrott;mperrott6z@tripadvisor.com;3rd;912;Bouillon;6834;BE;+32 706 315 6697
mord_iggalden;Mord;Iggalden;miggalden70@washington.edu;Pepper Wood;791;Bouillon;6834;BE;+32 816 415 0967
rafa_koubek;Rafa;Koubek;rkoubek71@cpanel.net;Nevada;3;Charleroi;6042;BE;+32 169 335 2685
sayre_skelhorn;Sayre;Skelhorn;sskelhorn72@sun.com;Fordem;27786;Charleroi;6042;BE;+32 342 304 1763
lanita_milella;Lanita;Milella;lmilella73@cafepress.com;Merry;624;Tournai;7536;BE;+32 942 402 9837
heinrick_blackden;Heinrick;Blackden;hblackden74@smh.com.au;Hallows;43811;Tournai;7504;BE;+32 751 679 5423
hillier_titterell;Hillier;Titterell;htitterell75@privacy.gov.au;Weeping Birch;66557;Bruxelles;1170;BE;+32 852 273 3024
beitris_rochford;Beitris;Rochford;brochford76@pagesperso-orange.fr;Dryden;25463;Gent;9052;BE;+32 482 890 2441
murdock_kleingrub;Murdock;Kleingrub;mkleingrub77@bandcamp.com;Anthes;9;Mons;7032;BE;+32 819 162 7318
danette_melvin;Danette;Melvin;dmelvin78@slate.com;Moulton;455;Namur;5100;BE;+32 772 378 5844
rey_blois;Rey;Blois;rblois79@yale.edu;Jenifer;9057;Bouillon;6834;BE;+32 423 335 7658
forbes_pusill;Forbes;Pusill;fpusill7a@blogs.com;Oxford;5;Bruxelles;1050;BE;+32 607 872 1226
ava_noden;Ava;Noden;anoden7b@cnn.com;Pennsylvania;10;Ath;7823;BE;+32 810 105 8591
melody_lewsie;Melody;Lewsie;mlewsie7c@cbslocal.com;Pankratz;9076;Bouillon;6834;BE;+32 843 564 1383
ines_yannikov;Ines;Yannikov;iyannikov7d@discuz.net;Jay;39140;Ath;7823;BE;+32 197 300 2976
patrick_drynan;Patrick;Drynan;pdrynan7e@auda.org.au;Gateway;78003;Antwerpen;2170;BE;+32 281 999 5334
delilah_tuddall;Delilah;Tuddall;dtuddall7f@nih.gov;Alpine;91;Ninove;9404;BE;+32 422 402 8376
jeanelle_banks;Jeanelle;Banks;jbanks7g@accuweather.com;Jana;29732;Gent;9052;BE;+32 544 433 8564
honoria_reburn;Honoria;Reburn;hreburn7h@nsw.gov.au;Badeau;90961;Mons;7032;BE;+32 794 135 0606
maggee_muncie;Maggee;Muncie;mmuncie7i@noaa.gov;Thierer;717;Ninove;9404;BE;+32 894 746 0874
patricio_abrey;Patricio;Abrey;pabrey7j@nature.com;Atwood;7820;Bruxelles;1170;BE;+32 236 786 8702
camala_smithen;Camala;Smithen;csmithen7k@google.ca;Delaware;2182;Bouillon;6834;BE;+32 144 892 9017
arny_rountree;Arny;Rountree;arountree7l@buzzfeed.com;Vermont;5;Bruxelles;1050;BE;+32 727 621 4607
paulie_lysons;Paulie;Lysons;plysons7m@shareasale.com;Ohio;84559;Antwerpen;2170;BE;+32 199 348 9658
sissie_hazell;Sissie;Hazell;shazell7n@fda.gov;Lakewood;3181;Momignies;6594;BE;+32 690 669 7472
miran_maccurlye;Miran;MacCurlye;mmaccurlye7o@shop-pro.jp;Redwing;92715;Namur;5100;BE;+32 963 671 9511
horacio_mabbutt;Horacio;Mabbutt;hmabbutt7p@myspace.com;Dennis;7968;Tournai;7536;BE;+32 151 585 9524
hayyim_vlies;Hayyim;Vlies;hvlies7q@mozilla.com;Dixon;277;Antwerpen;2170;BE;+32 622 830 4318
pauli_tree;Pauli;Tree;ptree7r@who.int;Kim;9;Gent;9052;BE;+32 724 506 5007
gabie_kalisz;Gabie;Kalisz;gkalisz7s@ning.com;Village Green;83329;Bruxelles;1050;BE;+32 852 694 6263
anastasia_bailess;Anastasia;Bailess;abailess7t@addtoany.com;Clove;70;Gent;9052;BE;+32 800 249 6079
ryann_domaschke;Ryann;Domaschke;rdomaschke7u@oakley.com;Jackson;42;Bruxelles;1050;BE;+32 244 485 7065
janine_romanski;Janine;Romanski;jromanski7v@histats.com;Gerald;59;Bruxelles;1170;BE;+32 805 993 8797
eve_roberto;Eve;Roberto;eroberto7w@java.com;Acker;140;Tournai;7536;BE;+32 364 931 9775
june_jirsa;June;Jirsa;jjirsa7x@chronoengine.com;Bay;0;Ninove;9404;BE;+32 918 679 7024
yettie_shearn;Yettie;Shearn;yshearn7y@ca.gov;American Ash;88;Charleroi;6042;BE;+32 532 208 4034
ansell_swedeland;Ansell;Swedeland;aswedeland7z@desdev.cn;8th;7;Ath;7823;BE;+32 173 441 2048
torrance_standish_brooks;Torrance;Standish-Brooks;tstandishbrooks80@toplist.cz;Hanover;790;Tournai;7504;BE;+32 351 921 5876
coreen_stringer;Coreen;Stringer;cstringer81@php.net;Kings;303;Namur;5100;BE;+32 813 407 4893
helaina_gehring;Helaina;Gehring;hgehring82@github.io;Crest Line;3894;Gent;9052;BE;+32 930 972 0926
enrica_jillins;Enrica;Jillins;ejillins83@hostgator.com;Valley Edge;6895;Bouillon;6834;BE;+32 875 288 7618
mahmud_tricker;Mahmud;Tricker;mtricker84@wix.com;Maple Wood;237;Momignies;6594;BE;+32 411 916 5034
manfred_woolbrook;Manfred;Woolbrook;mwoolbrook85@tumblr.com;Lakewood;26;Momignies;6594;BE;+32 681 225 7967
yoshi_dalwood;Yoshi;Dalwood;ydalwood86@typepad.com;Aberg;0;Mons;7032;BE;+32 707 959 9351
ainslee_dachs;Ainslee;Dachs;adachs87@jiathis.com;Utah;75;Tournai;7504;BE;+32 432 242 8730
jewelle_gunn;Jewelle;Gunn;jgunn88@microsoft.com;Doe Crossing;0;Momignies;6594;BE;+32 777 731 4443
sonnnie_brunsen;Sonnnie;Brunsen;sbrunsen89@prnewswire.com;Menomonie;19844;Charleroi;6042;BE;+32 712 890 9364
arlan_o_crigane;Arlan;O'Crigane;aocrigane8a@reuters.com;Granby;649;Ath;7823;BE;+32 885 792 8457
pat_carnoghan;Pat;Carnoghan;pcarnoghan8b@un.org;Sullivan;23;Gent;9052;BE;+32 210 787 9393
